{
    "name": "Bag",
    "verCount": 716,
    "add": {
        "x": -10.0,
        "y": -10.0,
        "z": -10.0
    },
    "mul": {
        "x": 0.05000000074505806,
        "y": 0.05000000074505806,
        "z": 0.05000000074505806
    },
    "width": 128,
    "blendShapes": 2,
    "hasNormal": true
}